City Name,Total Population 2000,Total Population 2010,Total Population Numeric Change 2000 to 2010,Total Population Percent Change 2000 to 2010,Population Rank 2000,Population Rank 2010,Population Rank Change in Rank 2000 to 2010,Population Density (Persons / Square Mile) 2000,Population Density (Persons / Square Mile) 2010,Population Density Numeric Change 2000 to 2010,Population Density Percent Change 2000 to 2010,Total Housing Units 2000,Total Housing Units 2010,Total Housing Units Numeric Change 2000 to 2010,Total Housing Units Percent Change 2000 to 2010,Occupied Housing Units 2000,Occupied Housing Units 2010,Vacant Housing Units 2000,Vacant Housing Units 2010,Occupancy Rate (%) 2000,Occupancy Rate (%) 2010,Occupancy Rate Numeric Change 2000 to 2010,Vacancy Rate (%) 2000,Vacancy Rate (%) 2010,Vacancy Rate Numeric Change 2000 to 2010,Land Area (Square Miles) 2000,Land Area (Square Miles) 2010,Total Area (Square Miles) 2000,Total Area (Square Miles) 2010,Water Area (%) 2000,Water Area (%) 2010,Geoid,Location 1 (state),Location 1
Benton,2624,3038,414,15.78,133,137,4,1507.82,1234.17,-273.7,-18.15,1043,1162,119,11.41,894,1086,149,76,85.71,93.46,7.75,14.29,6.54,-7.75,1.74,2.46,1.75,2.49,0.54,1.03,5305560,Washington,
Coulee,600,562,-38,-6.33,223,229,6,604.99,623.03,18.05,2.98,351,331,-20,-5.7,271,265,80,66,77.21,80.06,2.85,22.79,19.94,-2.85,0.99,0.9,0.99,0.9,0,0,5315080,Washington,
Electric,922,968,46,4.99,200,201,1,1706.3,568.62,-1138,-66.68,420,524,104,24.76,382,447,38,77,90.95,85.31,-5.65,9.05,14.69,5.65,0.54,1.7,0.57,2.34,5.46,27.39,5321030,Washington,
Elmer,267,238,-29,-10.86,256,260,4,1291.73,1139.97,-151.8,-11.75,127,112,-15,-11.81,110,99,17,13,86.61,88.39,1.78,13.39,11.61,-1.78,0.21,0.21,0.21,0.21,0,0,5321485,Washington,
Liberty Lake,,7591,,,,92,,,1236.97,,,,3344,,,,2893,,451,,86.51,,,13.49,,,6.14,,6.14,,0,5339335,Washington,POINT (-117.10087000025015 47.66820999999169)
Mount Vernon,26232,31743,5511,21.01,34,33,-1,2360.6,2580.34,219.74,9.31,9686,12058,2372,24.49,9276,11342,410,716,95.77,94.06,-1.71,4.23,5.94,1.71,11.11,12.3,11.37,12.61,2.28,2.44,5347560,Washington,
Portsend,8334,9113,779,9.35,79,84,5,1191.76,1305.76,113.99,9.57,4250,5193,943,22.19,3917,4544,333,649,92.16,87.5,-4.66,7.84,12.5,4.66,6.99,6.98,9.45,9.46,26.03,26.22,5355855,Washington,
Royal,1823,2140,317,17.39,157,157,0,1445.64,1589.41,143.77,9.95,504,494,-10,-1.98,444,486,60,8,88.1,98.38,10.29,11.9,1.62,-10.29,1.26,1.35,1.26,1.35,0,0,5360230,Washington,
Spokane Valley,,89755,,,,10,,,2376.42,,,,38851,,,,36558,,2293,,94.1,,,5.9,,,37.77,,38.06,,0.76,5367167,Washington,POINT (-117.24836999977555 47.65716000033393)
Cle Elum,1755,1872,117,6.67,160,163,3,1182.85,490.08,-692.8,-58.57,956,1105,149,15.59,792,857,164,248,82.85,77.56,-5.29,17.15,22.44,5.29,1.48,3.82,1.48,3.82,0,0.13,5312945,Washington,POINT (-120.93941999963312 47.19503999989627)
Lynden,9020,11951,2931,32.49,68,67,-1,2208.81,2311.82,103.01,4.66,3592,4812,1220,33.96,3426,4594,166,218,95.38,95.47,0.09,4.62,4.53,-0.09,4.08,5.17,4.09,5.18,0.18,0.24,5340805,Washington,POINT (-122.45081999984296 48.942900000235)
Dayton,2655,2526,-129,-4.86,132,149,17,1803.03,1771.32,-31.72,-1.76,1181,1200,19,1.61,1081,1082,100,118,91.53,90.17,-1.37,8.47,9.83,1.37,1.47,1.43,1.47,1.43,0,0,5316970,Washington,POINT (-117.97577000018521 46.32188999972385)
Springdale,283,285,2,0.71,255,256,1,279.67,249.81,-29.86,-10.68,109,118,9,8.26,100,105,9,13,91.74,88.98,-2.76,8.26,11.02,2.76,1.01,1.14,1.01,1.14,0,0,5367210,Washington,POINT (-117.74138000018672 48.05721999960349)
Harrah,542,625,83,15.31,229,221,-8,1887.05,2903.7,1016.7,53.88,179,183,4,2.23,167,177,12,6,93.3,96.72,3.43,6.7,3.28,-3.43,0.29,0.22,0.29,0.22,0,0,5329710,Washington,POINT (-120.54351999974807 46.403650000147536)
Deer Park,3017,3652,635,21.05,125,129,4,470.4,530.45,60.05,12.77,1210,1532,322,26.61,1105,1394,105,138,91.32,90.99,-0.33,8.68,9.01,0.33,6.41,6.88,6.41,6.88,0,0,5317320,Washington,POINT (-117.4719799999769 47.95430999960695)
Clarkston,7337,7229,-108,-1.47,83,95,12,3805.36,3601.51,-203.9,-5.36,3414,3411,-3,-0.09,3120,3226,294,185,91.39,94.58,3.19,8.61,5.42,-3.19,1.93,2.01,2.03,2.09,5.04,3.89,5312630,Washington,POINT (-117.04556000009376 46.4136000003399)
Fife,4784,9173,4389,91.74,103,83,-20,859.74,1613.56,753.82,87.68,2232,3895,1663,74.51,2111,3642,121,253,94.58,93.5,-1.07,5.42,6.5,1.07,5.56,5.68,5.66,5.83,1.66,2.44,5323795,Washington,POINT (-122.35693999988092 47.2368299998048)
Hatton,98,101,3,3.06,278,279,1,262.69,271.07,8.38,3.19,35,40,5,14.29,32,34,3,6,91.43,85,-6.43,8.57,15,6.43,0.37,0.37,0.37,0.37,0,0,5330060,Washington,POINT (-118.82819000036807 46.776379999937205)
University Place,29933,31144,1211,4.05,30,35,5,3569.04,3697.88,128.84,3.61,12684,13573,889,7.01,12149,12819,535,754,95.78,94.44,-1.34,4.22,5.56,1.34,8.39,8.42,8.46,8.56,0.87,1.64,5373465,Washington,POINT (-122.53708999960367 47.22262999967489)
Asotin,1095,1251,156,14.25,184,188,4,1040.14,1195.8,155.66,14.97,440,537,97,22.05,419,500,21,37,95.23,93.11,-2.12,4.77,6.89,2.12,1.05,1.05,1.21,1.19,12.79,11.97,5303075,Washington,POINT (-117.04779000040804 46.34058000006712)
South Prairie,382,434,52,13.61,244,242,-2,938.32,1119.71,181.39,19.33,138,174,36,26.09,125,166,13,8,90.58,95.4,4.82,9.42,4.6,-4.82,0.41,0.39,0.41,0.4,0,1.94,5366045,Washington,POINT (-122.09619999973006 47.13955000043234)
Shoreline,53025,53007,-18,-0.03,13,19,6,4546.04,4540.6,-5.43,-0.12,21338,22787,1449,6.79,20716,21561,622,1226,97.09,94.62,-2.47,2.91,5.38,2.47,11.66,11.67,11.69,11.7,0.2,0.21,5363960,Washington,POINT (-122.3445800000668 47.7568999998353)
Carnation,1893,1786,-107,-5.65,155,166,11,1728.36,1545.36,-183,-10.59,650,665,15,2.31,636,631,14,34,97.85,94.89,-2.96,2.15,5.11,2.96,1.1,1.16,1.1,1.18,0,1.75,5310215,Washington,POINT (-121.91350999978653 47.648999999950206)
Cosmopolis,1595,1649,54,3.39,169,174,5,1142.31,1238.97,96.66,8.46,681,714,33,4.85,645,677,36,37,94.71,94.82,0.1,5.29,5.18,-0.1,1.4,1.33,1.54,1.52,9.51,12.25,5314870,Washington,POINT (-123.76762000036257 46.95295000004262)
Mill Creek,11525,18244,6719,58.3,60,52,-8,3231.27,3906.49,675.23,20.9,4769,7923,3154,66.14,4631,7551,138,372,97.11,95.3,-1.8,2.89,4.7,1.8,3.57,4.67,3.57,4.69,0,0.34,5345865,Washington,POINT (-122.22112999984944 47.85607000003063)
Roy,260,793,533,205,257,210,-47,995.21,1634.37,639.16,64.22,114,326,212,185.96,102,303,12,23,89.47,92.94,3.47,10.53,7.06,-3.47,0.26,0.49,0.26,0.49,0,0.27,5360160,Washington,POINT (-122.54336000006379 47.003210000241495)
West Richland,8385,11811,3426,40.86,77,69,-8,386.12,538.92,152.8,39.57,3092,4298,1206,39,2937,4145,155,153,94.99,96.44,1.45,5.01,3.56,-1.45,21.72,21.92,21.81,22.12,0.42,0.92,5377665,Washington,POINT (-119.33710000016475 46.296840000166014)
Bellevue,109569,122363,12794,11.68,5,5,0,3563.59,3827.71,264.13,7.41,48396,55551,7155,14.78,45836,50355,2560,5196,94.71,90.65,-4.06,5.29,9.35,4.06,30.75,31.97,33.9,36.47,9.29,12.35,5305210,Washington,POINT (-122.18785000027714 47.610020000123086)
Ruston,738,749,11,1.49,209,214,5,2879.86,2917.75,37.89,1.32,355,430,75,21.13,330,336,25,94,92.96,78.14,-14.82,7.04,21.86,14.82,0.26,0.26,0.26,0.33,0,22.68,5360510,Washington,POINT (-122.51284000006581 47.29872000032793)
Connell,2956,4209,1253,42.39,129,125,-4,1034.75,534.97,-499.8,-48.3,891,922,31,3.48,766,878,125,44,85.97,95.23,9.26,14.03,4.77,-9.26,2.86,7.87,2.86,7.87,0,0,5314485,Washington,POINT (-118.86114000001083 46.66144000005613)
Quincy,5044,6750,1706,33.82,100,100,0,2252.82,1359.68,-893.1,-39.65,1552,2020,468,30.15,1470,1915,82,105,94.72,94.8,0.09,5.28,5.2,-0.09,2.24,4.96,2.24,5.04,0,1.59,5357115,Washington,POINT (-119.85331000025616 47.23750999968689)
Mansfield,319,320,1,0.31,250,248,-2,1026.72,1045.11,18.39,1.79,168,169,1,0.6,148,144,20,25,88.1,85.21,-2.89,11.9,14.79,2.89,0.31,0.31,0.31,0.31,0,0,5342800,Washington,POINT (-119.6375899996786 47.81179999997016)
Oak Harbor,19795,22075,2280,11.52,41,44,3,2175.01,2342.93,167.92,7.72,7772,9553,1781,22.92,7333,8677,439,876,94.35,90.83,-3.52,5.65,9.17,3.52,9.1,9.42,9.14,9.47,0.47,0.55,5350360,Washington,POINT (-122.64698999998836 48.290670000320404)
Waverly,121,106,-15,-12.4,275,278,3,299.15,256.42,-42.72,-14.28,49,50,1,2.04,46,44,3,6,93.88,88,-5.88,6.12,12,5.88,0.4,0.41,0.4,0.41,0,0,5376720,Washington,POINT (-117.22779999996987 47.34314000011108)
Medina,3011,2969,-42,-1.39,126,140,14,2102.29,2067.13,-35.16,-1.67,1165,1162,-3,-0.26,1111,1061,54,101,95.36,91.31,-4.06,4.64,8.69,4.06,1.43,1.44,4.79,4.79,70.07,69.99,5344725,Washington,POINT (-122.23892000005782 47.6158199995935)
Wilkeson,395,477,82,20.76,242,237,-5,809.96,1016.48,206.51,25.5,150,175,25,16.67,140,169,10,6,93.33,96.57,3.24,6.67,3.43,-3.24,0.49,0.47,0.49,0.47,0,0.27,5378925,Washington,POINT (-122.04595999955421 47.10462999987476)
Pomeroy,1517,1425,-92,-6.06,171,180,9,852.16,801.89,-50.27,-5.9,740,723,-17,-2.3,645,642,95,81,87.16,88.8,1.63,12.84,11.2,-1.63,1.78,1.78,1.78,1.78,0,0,5355120,Washington,POINT (-117.58937000042505 46.473979999577466)
Newport,1921,2126,205,10.67,154,158,4,1814.68,1979.17,164.5,9.06,820,954,134,16.34,760,874,60,80,92.68,91.61,-1.07,7.32,8.39,1.07,1.06,1.07,1.06,1.07,0,0,5348820,Washington,POINT (-117.0439899996386 48.18253999972137)
Nespelem,212,236,24,11.32,266,262,-4,1130.91,1230.58,99.67,8.81,84,77,-7,-8.33,71,75,13,2,84.52,97.4,12.88,15.48,2.6,-12.88,0.19,0.19,0.19,0.19,0,0,5348540,Washington,POINT (-118.97663999963612 48.16638000003712)
Othello,5847,7364,1517,25.94,95,93,-2,1949.69,1932.91,-16.78,-0.86,1864,2185,321,17.22,1788,2108,76,77,95.92,96.48,0.55,4.08,3.52,-0.55,3,3.81,3,3.81,0,0,5352215,Washington,POINT (-119.17477999979701 46.82615999958449)
Bremerton,37259,37729,470,1.26,21,26,5,1644.18,1328.14,-316,-19.22,16631,17273,642,3.86,15096,14932,1535,2341,90.77,86.45,-4.32,9.23,13.55,4.32,22.66,28.41,26.05,32.28,12.99,12.01,5307695,Washington,POINT (-122.62747000004032 47.56499999965041)
La Center,1654,2800,1146,69.29,165,144,-21,1883.64,2205.44,321.8,17.08,585,981,396,67.69,552,942,33,39,94.36,96.02,1.67,5.64,3.98,-1.67,0.88,1.27,0.89,1.28,1.55,0.63,5336710,Washington,POINT (-122.67256999970556 45.86172999973985)
Twisp,938,919,-19,-2.03,198,204,6,807.88,777.55,-30.33,-3.75,505,524,19,3.76,438,474,67,50,86.73,90.46,3.73,13.27,9.54,-3.73,1.16,1.18,1.17,1.19,0.66,0.35,5373080,Washington,POINT (-120.12309999956517 48.36520000008011)
Pe Ell,657,632,-25,-3.81,212,220,8,1099.66,1067.7,-31.96,-2.91,289,290,1,0.35,248,259,41,31,85.81,89.31,3.5,14.19,10.69,-3.5,0.6,0.59,0.6,0.59,0,0,5353930,Washington,POINT (-123.29831000020619 46.57002999978482)
Bingen,672,712,40,5.95,211,216,5,1032.42,1147.25,114.83,11.12,327,313,-14,-4.28,286,286,41,27,87.46,91.37,3.91,12.54,8.63,-3.91,0.65,0.62,0.73,0.7,11.4,11.09,5306085,Washington,POINT (-121.46623000021418 45.71511999988826)
Warden,2544,2692,148,5.82,135,146,11,1212.24,1044.79,-167.5,-13.81,790,803,13,1.65,720,759,70,44,91.14,94.52,3.38,8.86,5.48,-3.38,2.1,2.58,2.15,2.6,2.49,1.07,5376160,Washington,POINT (-119.04545000001735 46.969699999955196)
Wapato,4582,4997,415,9.06,107,117,10,4725.19,4262.17,-463,-9.8,1267,1293,26,2.05,1198,1240,69,53,94.55,95.9,1.35,5.45,4.1,-1.35,0.97,1.17,0.97,1.17,0,0,5376125,Washington,POINT (-120.4205100000363 46.44778999960897)
Mukilteo,18019,20254,2235,12.4,44,47,3,2842.51,3163.82,321.31,11.3,7146,8547,1401,19.61,6759,8057,387,490,94.58,94.27,-0.32,5.42,5.73,0.32,6.34,6.4,9.44,9.51,32.87,32.65,5347735,Washington,POINT (-122.29411000007627 47.897249999687915)
Almira,302,284,-18,-5.96,254,257,3,580.64,546.03,-34.61,-5.96,154,155,1,0.65,121,119,33,36,78.57,76.77,-1.8,21.43,23.23,1.8,0.52,0.52,0.52,0.52,0,0,5301500,Washington,POINT (-118.94018000000682 47.71094000008111)
Edmonds,39515,39709,194,0.49,19,25,6,4437.58,4459,21.42,0.48,17508,18378,870,4.97,16904,17381,604,997,96.55,94.58,-1.98,3.45,5.42,1.98,8.9,8.91,18.44,18.43,51.7,51.68,5320750,Washington,POINT (-122.37707000008027 47.81093999988127)
Bellingham,67171,80885,13714,20.42,10,12,2,2619.3,2986.96,367.65,14.04,29474,36760,7286,24.72,27999,34671,1475,2089,95,94.32,-0.68,5,5.68,0.68,25.64,27.08,31.74,28.9,19.2,6.31,5305280,Washington,POINT (-122.47121999990293 48.75235000025248)
Pateros,643,667,24,3.73,215,219,4,1256.49,1360.45,103.97,8.27,279,276,-3,-1.08,249,238,30,38,89.25,86.23,-3.02,10.75,13.77,3.02,0.51,0.49,0.51,0.49,0,0,5353720,Washington,POINT (-119.9004800000518 48.05456000014408)
Oroville,1653,1686,33,2,166,171,5,1336.53,1025.67,-310.9,-23.26,794,797,3,0.38,691,698,103,99,87.03,87.58,0.55,12.97,12.42,-0.55,1.24,1.64,1.25,1.68,1.08,2.08,5351970,Washington,POINT (-119.43558000001684 48.93880999958196)
Tacoma,193556,198397,4841,2.5,3,3,0,3864.9,3990.21,125.32,3.24,81102,85786,4684,5.78,76152,78541,4950,7245,93.9,91.55,-2.34,6.1,8.45,2.34,50.08,49.72,62.61,62.34,20.01,20.24,5370000,Washington,POINT (-122.44164999964761 47.25513000014956)
Chehalis,7057,7259,202,2.86,84,94,10,1259.04,1311.63,52.59,4.18,2871,3131,260,9.06,2671,2868,200,263,93.03,91.6,-1.43,6.97,8.4,1.43,5.61,5.53,5.61,5.56,0,0.4,5311475,Washington,POINT (-122.9646200003126 46.662099999915256)
DuPont,2452,8199,5747,234.38,139,90,-49,430.64,1399.57,968.93,225,977,3241,2264,231.73,936,3023,41,218,95.8,93.27,-2.53,4.2,6.73,2.53,5.69,5.86,5.71,5.88,0.3,0.31,5318965,Washington,POINT (-122.62954000017072 47.095840000116084)
Prosser,4838,5714,876,18.11,102,113,11,1125.07,1273.54,148.46,13.2,1800,2129,329,18.28,1697,2023,103,106,94.28,95.02,0.74,5.72,4.98,-0.74,4.3,4.49,4.43,4.52,2.95,0.84,5356450,Washington,POINT (-119.76902999963465 46.20659999989027)
Endicott,621,289,-332,-53.46,219,255,36,2150.81,1010.58,-1140,-53.01,166,165,-1,-0.6,140,141,26,24,84.34,85.45,1.12,15.66,14.55,-1.12,0.29,0.29,0.29,0.29,0,0,5321730,Washington,POINT (-117.68488000001184 46.92754000007113)
Stanwood,3923,6231,2308,58.83,112,107,-5,1995.35,2213.09,217.74,10.91,1508,2584,1076,71.35,1402,2388,106,196,92.97,92.41,-0.56,7.03,7.59,0.56,1.97,2.82,1.98,2.84,0.49,0.79,5367455,Washington,POINT (-122.37237999963713 48.24160000014007)
Tieton,1154,1191,37,3.21,181,190,9,1516.82,1447.08,-69.74,-4.6,363,385,22,6.06,341,358,22,27,93.94,92.99,-0.95,6.06,7.01,0.95,0.76,0.82,0.76,0.82,0,0,5371400,Washington,POINT (-120.75542999999436 46.702570000105595)
Puyallup,33011,37022,4011,12.15,25,27,2,2719.23,2658.21,-61.02,-2.24,13467,16171,2704,20.08,12870,14950,597,1221,95.57,92.45,-3.12,4.43,7.55,3.12,12.14,13.93,12.22,14.04,0.64,0.79,5356695,Washington,POINT (-122.29569999965508 47.19044000000616)
Colfax,2844,2805,-39,-1.37,131,143,12,1705.61,740.67,-964.9,-56.57,1357,1405,48,3.54,1191,1236,166,169,87.77,87.97,0.2,12.23,12.03,-0.2,1.67,3.79,1.67,3.79,0.17,0.09,5313785,Washington,POINT (-117.36477999999687 46.87941000007163)
Skykomish,214,198,-16,-7.48,264,269,5,623.19,635.96,12.76,2.05,162,168,6,3.7,104,95,58,73,64.2,56.55,-7.65,35.8,43.45,7.65,0.34,0.31,0.34,0.33,0,6.61,5364855,Washington,POINT (-121.35823000021418 47.71194999989274)
Elma,3049,3107,58,1.9,124,135,11,1812.57,1644.22,-168.4,-9.29,1330,1307,-23,-1.73,1195,1209,135,98,89.85,92.5,2.65,10.15,7.5,-2.65,1.68,1.89,1.68,1.92,0,1.73,5321450,Washington,POINT (-123.40381000003134 47.00379000000868)
Lynnwood,33847,35836,1989,5.88,24,29,5,4431.24,4573,141.76,3.2,13808,14939,1131,8.19,13328,14107,480,832,96.52,94.43,-2.09,3.48,5.57,2.09,7.64,7.84,7.65,7.85,0.21,0.21,5340840,Washington,POINT (-122.2924099999214 47.82532000021803)
Castle Rock,2130,1982,-148,-6.95,147,161,14,1597.35,1248.95,-348.4,-21.81,890,863,-27,-3.03,833,784,57,79,93.6,90.85,-2.75,6.4,9.15,2.75,1.33,1.59,1.33,1.76,0,9.8,5310565,Washington,POINT (-122.90724000002581 46.27510000036489)
Ocean Shores,3836,5569,1733,45.18,113,114,1,444.68,654.76,210.08,47.24,3170,4758,1588,50.09,1789,2707,1381,2051,56.44,56.89,0.46,43.56,43.11,-0.46,8.63,8.51,12.07,12.4,28.51,31.38,5350570,Washington,POINT (-124.16407999999188 47.01156000039384)
Palouse,1011,998,-13,-1.29,189,199,10,944.79,927.57,-17.22,-1.82,471,474,3,0.64,432,429,39,45,91.72,90.51,-1.21,8.28,9.49,1.21,1.07,1.08,1.07,1.08,0,0,5352950,Washington,POINT (-117.07686999965063 46.91052999985976)
Nooksack,851,1338,487,57.23,204,185,-19,1207.94,1899.03,691.1,57.21,296,457,161,54.39,276,434,20,23,93.24,94.97,1.72,6.76,5.03,-1.72,0.7,0.7,0.7,0.7,0,0,5349275,Washington,POINT (-122.32181000043101 48.92857000040539)
Bainbridge Island,20308,23025,2717,13.38,40,41,1,735.63,833.9,98.27,13.36,8517,10584,2067,24.27,7979,9470,538,1114,93.68,89.47,-4.21,6.32,10.53,4.21,27.61,27.61,65.51,65.02,57.86,57.53,5303736,Washington,POINT (-122.52100000044953 47.62693000021949)
Woodland,3780,5509,1729,45.74,114,115,1,1508.91,1634.84,125.93,8.35,1482,2108,626,42.24,1379,1965,103,143,93.05,93.22,0.17,6.95,6.78,-0.17,2.51,3.37,2.6,3.48,3.76,3.08,5379625,Washington,POINT (-122.73986000013878 45.9086499996979)
Coulee Dam,1044,1098,54,5.17,187,194,7,1532.52,1528.28,-4.24,-0.28,499,534,35,7.01,448,459,51,75,89.78,85.96,-3.82,10.22,14.04,3.82,0.68,0.72,0.73,0.77,6.72,7.07,5315115,Washington,POINT (-118.97718000025668 47.9705900003284)
Kahlotus,214,193,-21,-9.81,264,270,6,523.2,414.42,-108.8,-20.79,113,114,1,0.88,89,88,24,26,78.76,77.19,-1.57,21.24,22.81,1.57,0.41,0.47,0.41,0.47,0,0,5334575,Washington,POINT (-118.55608000019168 46.642219999553504)
Medical Lake,3758,5060,1302,34.65,118,116,-2,1090.77,1487.24,396.47,36.35,1197,1835,638,53.3,1090,1707,107,128,91.06,93.02,1.96,8.94,6.98,-1.96,3.45,3.4,3.68,3.64,6.44,6.56,5344690,Washington,POINT (-117.68266999972059 47.57236999957598)
Mercer Island,22036,22699,663,3.01,38,42,4,3452.05,3591.24,139.19,4.03,8806,9930,1124,12.76,8437,9109,369,821,95.81,91.73,-4.08,4.19,8.27,4.08,6.38,6.32,13.11,13.11,51.31,51.79,5345005,Washington,POINT (-122.21065000039704 47.57800000020001)
Selah,6310,7147,837,13.26,92,96,4,1444.19,1610.43,166.25,11.51,2408,2759,351,14.58,2269,2658,139,101,94.23,96.34,2.11,5.77,3.66,-2.11,4.37,4.44,4.43,4.52,1.29,1.77,5363280,Washington,POINT (-120.53128000007177 46.65407000013056)
Mossyrock,486,759,273,56.17,233,213,-20,1112.54,1110.49,-2.04,-0.18,215,302,87,40.47,187,272,28,30,86.98,90.07,3.09,13.02,9.93,-3.09,0.44,0.68,0.44,0.68,0,0,5347315,Washington,POINT (-122.48445999982897 46.52948000040186)
Kelso,11895,11925,30,0.25,58,68,10,1471.62,1464.75,-6.87,-0.47,5067,5139,72,1.42,4616,4720,451,419,91.1,91.85,0.75,8.9,8.15,-0.75,8.08,8.14,8.37,8.5,3.42,4.18,5335065,Washington,POINT (-122.89868000008181 46.14424999973784)
Republic,954,1073,119,12.47,196,195,-1,602.95,674.36,71.41,11.84,500,536,36,7.2,411,493,89,43,82.2,91.98,9.78,17.8,8.02,-9.78,1.58,1.59,1.59,1.6,0.47,0.28,5357850,Washington,POINT (-118.73750000002485 48.644390000298415)
Redmond,45256,54144,8888,19.64,15,18,3,2848.79,3325.08,476.29,16.72,20248,24177,3929,19.4,19102,22550,1146,1627,94.34,93.27,-1.07,5.66,6.73,1.07,15.89,16.28,16.56,16.95,4.06,3.91,5357535,Washington,POINT (-122.13098999968861 47.67855999974438)
Kalama,1783,2344,561,31.46,159,153,-6,783.29,845.61,62.32,7.96,800,1070,270,33.75,732,967,68,103,91.5,90.37,-1.13,8.5,9.63,1.13,2.28,2.77,2.31,2.77,1.35,0.09,5334645,Washington,POINT (-122.84225999999887 46.00812999979979)
Cusick,212,207,-5,-2.36,266,266,0,624.88,462.6,-162.3,-25.97,106,101,-5,-4.72,87,86,19,15,82.08,85.15,3.07,17.92,14.85,-3.07,0.34,0.45,0.34,0.45,0,0,5316340,Washington,POINT (-117.30447000039004 48.33866000015905)
Creston,232,236,4,1.72,260,262,2,524.48,523.74,-0.74,-0.14,131,130,-1,-0.76,115,114,16,16,87.79,87.69,-0.09,12.21,12.31,0.09,0.44,0.45,0.44,0.45,0,0,5315710,Washington,POINT (-118.51905999991891 47.75864999959799)
Wilbur,914,884,-30,-3.28,201,208,7,680.16,643.92,-36.24,-5.33,480,468,-12,-2.5,396,404,84,64,82.5,86.32,3.82,17.5,13.68,-3.82,1.34,1.37,1.34,1.37,0,0,5378680,Washington,POINT (-118.70911000022619 47.759429999595)
Hoquiam,9097,8726,-371,-4.08,66,88,22,991.96,967.03,-24.93,-2.51,4023,3938,-85,-2.11,3640,3480,383,458,90.48,88.37,-2.11,9.52,11.63,2.11,9.17,9.02,15.58,15.6,41.14,42.16,5332300,Washington,POINT (-123.88689999983495 46.97983000035441)
Airway Heights,4500,6114,1614,35.87,108,108,0,923.05,1085.85,162.8,17.64,1095,1727,632,57.72,958,1547,137,180,87.49,89.58,2.09,12.51,10.42,-2.09,4.88,5.63,4.88,5.63,0,0,5300905,Washington,POINT (-117.5931100002262 47.64427999992222)
Blaine,3770,4684,914,24.24,115,120,5,680.35,832.39,152.04,22.35,1737,2346,609,35.06,1496,1994,241,352,86.13,85,-1.13,13.87,15,1.13,5.54,5.63,8.49,8.43,34.77,33.24,5306505,Washington,POINT (-122.74887999971207 48.99403999964642)
College Place,7818,8765,947,12.11,80,87,7,3232.22,3291.47,59.25,1.83,3134,3764,630,20.1,2909,3523,225,241,92.82,93.6,0.78,7.18,6.4,-0.78,2.42,2.66,2.42,2.66,0,0,5313855,Washington,POINT (-118.38864999979751 46.0342399996764)
Orting,3760,6746,2986,79.41,116,101,-15,1372.18,2473.05,1100.9,80.23,1382,2361,979,70.84,1318,2184,64,177,95.37,92.5,-2.87,4.63,7.5,2.87,2.74,2.73,2.74,2.8,0,2.45,5352005,Washington,POINT (-122.20218000010675 47.09758999987878)
Tumwater,12698,17371,4673,36.8,56,58,2,1276.07,1212.89,-63.18,-4.95,5953,8064,2111,35.46,5659,7566,294,498,95.06,93.82,-1.24,4.94,6.18,1.24,9.95,14.32,10.08,14.49,1.3,1.16,5372905,Washington,POINT (-122.91226999996036 46.985379999987174)
White Salmon,2193,2224,31,1.41,142,155,13,1759.16,1821.74,62.58,3.56,948,1039,91,9.6,887,921,61,118,93.57,88.64,-4.92,6.43,11.36,4.92,1.25,1.22,1.25,1.22,0,0,5378330,Washington,POINT (-121.48700000024968 45.72776000002415)
Metaline Falls,223,238,15,6.73,262,260,-2,1076.06,1112.57,36.52,3.39,192,206,14,7.29,122,124,70,82,63.54,60.19,-3.35,36.46,39.81,3.35,0.21,0.21,0.21,0.22,1.13,0.88,5345320,Washington,POINT (-117.3720000001997 48.86376999968593)
Marcus,117,183,66,56.41,276,271,-5,495.33,795.26,299.93,60.55,52,82,30,57.69,48,76,4,6,92.31,92.68,0.38,7.69,7.32,-0.38,0.24,0.23,0.24,0.23,0,0,5343395,Washington,POINT (-118.06454000012076 48.66315000027248)
Forks,3120,3532,412,13.21,123,130,7,998.64,967.72,-30.91,-3.1,1361,1374,13,0.96,1169,1264,192,110,85.89,91.99,6.1,14.11,8.01,-6.1,3.12,3.65,3.12,3.65,0,0,5324810,Washington,POINT (-124.38543000029415 47.95013999976135)
Everson,2035,2481,446,21.92,150,150,0,1661.63,1997.07,335.44,20.19,727,864,137,18.84,684,819,43,45,94.09,94.79,0.71,5.91,5.21,-0.71,1.22,1.24,1.25,1.26,1.74,1.63,5322745,Washington,POINT (-122.3453600000638 48.92008999965395)
Sequim,4334,6606,2272,52.42,109,103,-6,820.59,1046.2,225.62,27.49,2424,3767,1343,55.4,2163,3340,261,427,89.23,88.66,-0.57,10.77,11.34,0.57,5.28,6.31,5.28,6.37,0,0.88,5363385,Washington,POINT (-123.10366999957068 48.07964999974786)
Toledo,653,725,72,11.03,213,215,2,1947.32,1802.45,-144.9,-7.44,283,304,21,7.42,265,274,18,30,93.64,90.13,-3.51,6.36,9.87,3.51,0.34,0.4,0.34,0.4,0.77,0.64,5371785,Washington,POINT (-122.8478299996546 46.4406100003514)
Lamont,106,70,-36,-33.96,277,280,3,368.96,241.64,-127.3,-34.51,38,40,2,5.26,35,33,3,7,92.11,82.5,-9.61,7.89,17.5,9.61,0.29,0.29,0.29,0.29,0,0,5338215,Washington,POINT (-117.90418000020668 47.203049999657935)
Enumclaw,11116,10669,-447,-4.02,62,75,13,2842.76,2503.06,-339.7,-11.95,4456,4683,227,5.09,4317,4420,139,263,96.88,94.38,-2.5,3.12,5.62,2.5,3.91,4.26,3.91,4.27,0,0.21,5322045,Washington,POINT (-121.99137000022517 47.20431999976836)
Brewster,2189,2370,181,8.27,143,152,9,1828.02,1999.63,171.61,9.39,739,730,-9,-1.22,662,699,77,31,89.58,95.75,6.17,10.42,4.25,-6.17,1.2,1.19,1.2,1.19,0.41,0.28,5307835,Washington,POINT (-119.7809099997965 48.099670000270464)
Sunnyside,13905,15858,1953,14.05,52,62,10,2340.42,2390.55,50.13,2.14,4070,4556,486,11.94,3827,4332,243,224,94.03,95.08,1.05,5.97,4.92,-1.05,5.94,6.63,5.94,6.63,0,0,5368750,Washington,POINT (-120.00934999970258 46.3237900001086)
Harrington,426,424,-2,-0.47,237,243,6,1122.24,1111.37,-10.87,-0.97,235,219,-16,-6.81,187,184,48,35,79.57,84.02,4.44,20.43,15.98,-4.44,0.38,0.38,0.38,0.38,0,0,5329745,Washington,POINT (-118.25681999984295 47.482899999735366)
Kettle Falls,1527,1595,68,4.45,170,176,6,1631.08,1493.82,-137.3,-8.42,686,726,40,5.83,632,676,54,50,92.13,93.11,0.98,7.87,6.89,-0.98,0.94,1.07,0.94,1.07,0.03,0.1,5335485,Washington,POINT (-118.06210999957665 48.61053000005961)
Fircrest,5868,6497,629,10.72,94,105,11,3759.4,4115.79,356.39,9.48,2573,2847,274,10.65,2505,2705,68,142,97.36,95.01,-2.34,2.64,4.99,2.34,1.56,1.58,1.56,1.58,0,0,5323970,Washington,POINT (-122.50602999988445 47.23200000010007)
Bridgeport,2059,2409,350,17,149,151,2,1980.86,2299.36,318.5,16.08,762,745,-17,-2.23,624,673,138,72,81.89,90.34,8.45,18.11,9.66,-8.45,1.04,1.05,1.04,1.05,0.03,0.03,5307870,Washington,POINT (-119.6700300000843 48.007379999887235)
Issaquah,11212,30434,19222,171.44,61,36,-25,1330.94,2674.96,1344,100.98,5195,13914,8719,167.83,4840,12841,355,1073,93.17,92.29,-0.88,6.83,7.71,0.88,8.42,11.38,8.45,11.4,0.33,0.2,5333805,Washington,POINT (-122.03379999996986 47.53008999955398)
Tenino,1447,1695,248,17.14,174,170,-4,1720.26,1179.05,-541.2,-31.46,615,740,125,20.33,575,691,40,49,93.5,93.38,-0.12,6.5,6.62,0.12,0.84,1.44,0.84,1.44,0,0,5370630,Washington,POINT (-122.85137999968708 46.85751000008662)
Olympia,42514,46478,3964,9.32,17,22,5,2544.43,2608.08,63.64,2.5,19738,22086,2348,11.9,18670,20761,1068,1325,94.59,94,-0.59,5.41,6,0.59,16.71,17.82,18.52,19.68,9.79,9.45,5351300,Washington,POINT (-122.891359999764 47.03923000026447)
Hartline,134,151,17,12.69,273,275,2,406.58,455.16,48.58,11.95,77,87,10,12.99,60,62,17,25,77.92,71.26,-6.66,22.08,28.74,6.66,0.33,0.33,0.33,0.33,0,0,5329920,Washington,POINT (-119.10556999985545 47.690159999584466)
Vancouver,143560,161791,18231,12.7,4,4,0,3354.71,3482.64,127.93,3.81,60039,70005,9966,16.6,56628,65691,3411,4314,94.32,93.84,-0.48,5.68,6.16,0.48,42.79,46.46,46.13,49.85,7.24,6.82,5374060,Washington,POINT (-122.67155999989393 45.63221000039135)
Black Diamond,3970,4151,181,4.56,111,126,15,739.53,690.13,-49.39,-6.68,1538,1685,147,9.56,1456,1546,82,139,94.67,91.75,-2.92,5.33,8.25,2.92,5.37,6.01,5.88,6.66,8.74,9.63,5306330,Washington,POINT (-122.0020499999074 47.30886000028897)
Pullman,24675,29799,5124,20.77,37,37,0,2740.83,3015.41,274.58,10.02,9398,11966,2568,27.32,8828,11029,570,937,93.93,92.17,-1.77,6.07,7.83,1.77,9,9.88,9,9.88,0,0,5356625,Washington,POINT (-117.18149000026318 46.730150000322396)
Oakesdale,420,422,2,0.48,239,244,5,404.23,405.9,1.67,0.41,194,196,2,1.03,172,166,22,30,88.66,84.69,-3.97,11.34,15.31,3.97,1.04,1.04,1.04,1.04,0,0,5350325,Washington,POINT (-117.24259000032811 47.12890000033491)
Milton,5795,6968,1173,20.24,96,98,2,2291.28,2777.99,486.7,21.24,2503,3081,578,23.09,2390,2901,113,180,95.49,94.16,-1.33,4.51,5.84,1.33,2.53,2.51,2.57,2.55,1.55,1.57,5346020,Washington,POINT (-122.32106000001886 47.2489599998043)
Yakima,71845,91067,19222,26.75,9,8,-1,3569.92,3350.58,-219.3,-6.14,28643,34829,6186,21.6,26498,33074,2145,1755,92.51,94.96,2.45,7.49,5.04,-2.45,20.13,27.18,20.6,27.69,2.32,1.84,5380010,Washington,POINT (-120.50704999965762 46.60413000029945)
Vader,590,621,31,5.25,225,222,-3,654.45,668.38,13.93,2.13,230,258,28,12.17,208,228,22,30,90.43,88.37,-2.06,9.57,11.63,2.06,0.9,0.93,0.9,0.93,0,0,5373780,Washington,POINT (-122.95163999978604 46.40201000006164)
Sprague,490,446,-44,-8.98,232,240,8,780.77,707.76,-73.01,-9.35,242,236,-6,-2.48,216,197,26,39,89.26,83.47,-5.78,10.74,16.53,5.78,0.63,0.63,0.63,0.63,0,0,5367175,Washington,POINT (-117.97466999982049 47.30030000034492)
Monroe,13795,17304,3509,25.44,53,59,6,2388.4,2862.16,473.76,19.84,4427,5306,879,19.86,4173,5024,254,282,94.26,94.69,0.42,5.74,5.31,-0.42,5.78,6.05,5.81,6.11,0.58,0.99,5346685,Washington,POINT (-121.98150999968658 47.85239999986027)
Farmington,153,146,-7,-4.58,271,276,5,445.34,428.33,-17.01,-3.82,64,65,1,1.56,56,54,8,11,87.5,83.08,-4.42,12.5,16.92,4.42,0.34,0.34,0.34,0.34,0,0,5323340,Washington,POINT (-117.0454199999329 47.08919999968043)
Carbonado,621,610,-11,-1.77,219,224,5,1527.92,1465.3,-62.62,-4.1,210,218,8,3.81,200,208,10,10,95.24,95.41,0.17,4.76,4.59,-0.17,0.41,0.42,0.41,0.42,0,0.24,5309970,Washington,POINT (-122.04736000026367 47.080160000084106)
Sultan,3344,4651,1307,39.08,120,122,2,1121.16,1477.51,356.35,31.78,1291,1752,461,35.71,1211,1607,80,145,93.8,91.72,-2.08,6.2,8.28,2.08,2.98,3.15,2.98,3.15,0,0,5368260,Washington,POINT (-121.81716000013375 47.86228000042183)
Algona,2460,3014,554,22.52,138,138,0,1827.65,2332.14,504.49,27.6,878,1018,140,15.95,845,953,33,65,96.24,93.61,-2.63,3.76,6.39,2.63,1.35,1.29,1.35,1.29,0,0,5301290,Washington,POINT (-122.24856000034362 47.27834000029094)
Lakewood,58211,58163,-48,-0.08,11,17,6,3401.31,3387.42,-13.9,-0.41,25396,26548,1152,4.54,23792,24069,1604,2479,93.68,90.66,-3.02,6.32,9.34,3.02,17.11,17.17,18.97,18.95,9.79,9.37,5338038,Washington,POINT (-122.51440000005982 47.161769999885735)
Anacortes,14557,15778,1221,8.39,50,63,13,1235.98,1343.04,107.06,8.66,6551,7680,1129,17.23,6086,6980,465,700,92.9,90.89,-2.02,7.1,9.11,2.02,11.78,11.75,14.18,15.53,16.93,24.36,5301990,Washington,POINT (-122.61172999993937 48.5174799997024)
Buckley,4145,4354,209,5.04,110,124,14,1072.66,1124.52,51.87,4.84,1472,1669,197,13.38,1396,1591,76,78,94.84,95.33,0.49,5.16,4.67,-0.49,3.86,3.87,3.91,3.95,1.12,1.99,5308570,Washington,POINT (-122.02522999956466 47.16299000038839)
Metaline,162,173,11,6.79,269,274,5,533.46,562.24,28.78,5.4,91,103,12,13.19,73,86,18,17,80.22,83.5,3.28,19.78,16.5,-3.28,0.3,0.31,0.31,0.31,0.76,0.62,5345285,Washington,POINT (-117.38883999976605 48.856020000223)
Yarrow Point,1008,1001,-7,-0.69,190,198,8,2720.28,2753.55,33.26,1.22,393,407,14,3.56,379,374,14,33,96.44,91.89,-4.55,3.56,8.11,4.55,0.37,0.36,0.37,0.36,0,0,5380150,Washington,POINT (-122.21408999985346 47.64702000037289)
La Conner,761,891,130,17.08,208,207,-1,1746.7,2154.31,407.61,23.34,434,526,92,21.2,372,467,62,59,85.71,88.78,3.07,14.29,11.22,-3.07,0.44,0.41,0.51,0.52,14.97,19.71,5336780,Washington,POINT (-122.49724000012577 48.388740000151074)
Bucoda,628,562,-66,-10.51,218,229,11,1419.67,983.97,-435.7,-30.69,236,243,7,2.97,219,222,17,21,92.8,91.36,-1.44,7.2,8.64,1.44,0.44,0.57,0.44,0.59,0,3.25,5308605,Washington,POINT (-122.86768999999333 46.80014999982279)
Beaux Arts Village,307,299,-8,-2.61,253,252,-1,3281.89,3531.47,249.58,7.6,124,118,-6,-4.84,121,113,3,5,97.58,95.76,-1.82,2.42,4.24,1.82,0.09,0.08,0.18,0.17,47.02,48.98,5304895,Washington,POINT (-122.20035000025217 47.58637999993721)
Rockford,413,470,57,13.8,240,238,-2,607.05,689.47,82.41,13.58,169,213,44,26.04,149,192,20,21,88.17,90.14,1.98,11.83,9.86,-1.98,0.68,0.68,0.68,0.68,0,0,5359145,Washington,POINT (-117.13260999985147 47.452270000060594)
Morton,1045,1126,81,7.75,186,192,6,1000.7,1369.37,368.66,36.84,487,535,48,9.86,437,461,50,74,89.73,86.17,-3.56,10.27,13.83,3.56,1.04,0.82,1.04,0.83,0,1.16,5347175,Washington,POINT (-122.27512999984947 46.555309999956705)
Fairfield,494,612,118,23.89,231,223,-8,786.1,988.43,202.32,25.74,194,240,46,23.71,172,225,22,15,88.66,93.75,5.09,11.34,6.25,-5.09,0.63,0.62,0.63,0.62,0,0,5322990,Washington,POINT (-117.17125000018723 47.385219999903256)
Latah,151,183,32,21.19,272,271,-1,451.89,594.66,142.77,31.59,75,81,6,8,56,67,19,14,74.67,82.72,8.05,25.33,17.28,-8.05,0.33,0.31,0.33,0.31,0,0,5338495,Washington,POINT (-117.15512000008778 47.27966000000919)
Yelm,3289,6848,3559,108.21,122,99,-23,584.35,1204.87,620.51,106.19,1323,2523,1200,90.7,1216,2299,107,224,91.91,91.12,-0.79,8.09,8.88,0.79,5.63,5.68,5.63,5.69,0,0.11,5380220,Washington,POINT (-122.60750999958668 46.94244999966793)
Garfield,641,597,-44,-6.86,217,225,8,953.78,681.23,-272.6,-28.58,288,311,23,7.99,256,279,32,32,88.89,89.71,0.82,11.11,10.29,-0.82,0.67,0.88,0.67,0.88,0,0,5326140,Washington,POINT (-117.13338000028665 47.00690999999665)
Arlington,11713,17926,6213,53.04,59,54,-5,1548.38,1937.23,388.85,25.11,4516,6929,2413,53.43,4281,6563,235,366,94.8,94.72,-0.08,5.2,5.28,0.08,7.56,9.25,7.57,9.26,0.05,0.06,5302585,Washington,POINT (-122.12640999982148 48.194290000183514)
Pacific,5527,6606,1079,19.52,99,103,4,2158.14,2727.83,569.69,26.4,2090,2422,332,15.89,1992,2269,98,153,95.31,93.68,-1.63,4.69,6.32,1.63,2.56,2.42,2.56,2.43,0.05,0.45,5352495,Washington,POINT (-122.2484899998135 47.26463999983628)
Brier,6383,6087,-296,-4.64,90,109,19,2996.63,2858.56,-138.1,-4.61,2115,2220,105,4.96,2095,2165,20,55,99.05,97.52,-1.53,0.95,2.48,1.53,2.13,2.13,2.13,2.13,0,0,5307940,Washington,POINT (-122.27307999974204 47.792010000161554)
Spangle,240,278,38,15.83,259,259,0,625.61,781.17,155.56,24.87,113,126,13,11.5,99,118,14,8,87.61,93.65,6.04,12.39,6.35,-6.04,0.38,0.36,0.38,0.36,0,0,5366290,Washington,POINT (-117.38033999989091 47.429090000403335)
Raymond,2975,2882,-93,-3.13,127,142,15,776.41,709.49,-66.92,-8.62,1338,1279,-59,-4.41,1192,1151,146,128,89.09,89.99,0.9,10.91,10.01,-0.9,3.83,4.06,4.39,4.62,12.69,12.12,5357430,Washington,POINT (-123.72949999972508 46.68752000034789)
Federal Way,83259,89306,6047,7.26,7,11,4,3959.42,4011.86,52.44,1.32,32581,35444,2863,8.79,31437,33188,1144,2256,96.49,93.64,-2.85,3.51,6.36,2.85,21.03,22.26,21.15,22.46,0.6,0.89,5323515,Washington,POINT (-122.32945999977903 47.30080000002016)
Krupp,60,48,-12,-20,279,281,2,100.54,80.98,-19.56,-19.45,30,28,-2,-6.67,24,25,6,3,80,89.29,9.29,20,10.71,-9.29,0.6,0.59,0.6,0.59,0,0,5336395,Washington,POINT (-118.98510000036458 47.407039999796325)
Zillah,2198,2964,766,34.85,141,141,0,1807.86,1666.55,-141.3,-7.82,837,1105,268,32.02,792,1033,45,72,94.62,93.48,-1.14,5.38,6.52,1.14,1.22,1.78,1.22,1.78,0,0,5380500,Washington,POINT (-120.26185999983898 46.4018600003389)
Mattawa,2609,4437,1828,70.07,134,123,-11,5281.69,5961.67,679.98,12.87,576,843,267,46.35,495,791,81,52,85.94,93.83,7.89,14.06,6.17,-7.89,0.49,0.74,0.49,0.74,0,0,5344165,Washington,POINT (-119.90000000039953 46.73777000008562)
Waterville,1163,1138,-25,-2.15,180,191,11,1365.42,1302.09,-63.33,-4.64,481,482,1,0.21,433,449,48,33,90.02,93.15,3.13,9.98,6.85,-3.13,0.85,0.87,0.85,0.87,0,0,5376510,Washington,POINT (-120.07145000001736 47.64963000022448)
Lind,582,564,-18,-3.09,226,228,2,566.34,526.31,-40.03,-7.07,307,276,-31,-10.1,230,234,77,42,74.92,84.78,9.86,25.08,15.22,-9.86,1.03,1.07,1.03,1.07,0,0,5339510,Washington,POINT (-118.6156600003086 46.97134999960298)
Soap Lake,1733,1514,-219,-12.64,162,178,16,1434.02,1214.69,-219.3,-15.29,996,977,-19,-1.91,778,740,218,237,78.11,75.74,-2.37,21.89,24.26,2.37,1.21,1.25,1.21,1.25,0,0,5365345,Washington,POINT (-119.48323000036407 47.38897999972738)
LaCrosse,380,313,-67,-17.63,245,250,5,1101.59,403.53,-698.1,-63.37,187,181,-6,-3.21,164,153,23,28,87.7,84.53,-3.17,12.3,15.47,3.17,0.34,0.78,0.34,0.78,0,0,5336850,Washington,POINT (-117.88140000010975 46.81607999969242)
Kirkland,45054,48787,3733,8.29,16,20,4,4220.29,4522.76,302.47,7.17,21831,24345,2514,11.52,20736,22445,1095,1900,94.98,92.2,-2.79,5.02,7.8,2.79,10.68,10.79,11.01,11.12,3.02,2.98,5335940,Washington,POINT (-122.20723999962615 47.67884999962797)
Rainier,1492,1794,302,20.24,172,165,-7,922.77,1036.76,114,12.35,551,717,166,30.13,530,656,21,61,96.19,91.49,-4.7,3.81,8.51,4.7,1.62,1.73,1.62,1.73,0,0,5357220,Washington,POINT (-122.68978000014675 46.889019999873256)
Newcastle,7737,10380,2643,34.16,81,78,-3,1731.52,2334.06,602.54,34.8,3117,4227,1110,35.61,3028,4021,89,206,97.14,95.13,-2.02,2.86,4.87,2.02,4.47,4.45,4.48,4.46,0.25,0.25,5348645,Washington,POINT (-122.16542000013277 47.53767999973235)
Sumner,8504,9451,947,11.14,74,80,6,1271.04,1258.8,-12.24,-0.96,3689,4279,590,15.99,3517,3980,172,299,95.34,93.01,-2.33,4.66,6.99,2.33,6.69,7.51,6.72,7.62,0.43,1.44,5368435,Washington,POINT (-122.24000000039956 47.20220000003013)
Lake Forest Park,13142,12598,-544,-4.14,55,66,11,3716.22,3568.87,-147.3,-3.96,5168,5268,100,1.93,5029,5024,139,244,97.31,95.37,-1.94,2.69,4.63,1.94,3.54,3.53,3.66,3.65,3.32,3.25,5337270,Washington,POINT (-122.27791000034608 47.754619999913245)
Centralia,14742,16336,1594,10.81,49,61,12,1990.58,2202.7,212.12,10.66,6510,7265,755,11.6,5943,6640,567,625,91.29,91.4,0.11,8.71,8.6,-0.11,7.41,7.42,7.45,7.55,0.66,1.82,5311160,Washington,POINT (-122.95298000042652 46.72894000028094)
Covington,13783,17575,3792,27.51,54,55,1,2389.76,2998.11,608.35,25.46,4473,6081,1608,35.95,4398,5817,75,264,98.32,95.66,-2.66,1.68,4.34,2.66,5.77,5.86,5.8,5.96,0.6,1.65,5315290,Washington,POINT (-122.11782000029262 47.35900000034991)
Long Beach,1283,1392,109,8.5,176,181,5,1018.73,1031.42,12.69,1.25,1155,1564,409,35.41,660,726,495,838,57.14,46.42,-10.72,42.86,53.58,10.72,1.26,1.35,1.26,1.35,0.23,0,5340070,Washington,POINT (-124.05439000029816 46.35232000006812)
Grand Coulee,897,988,91,10.14,202,200,-2,816.88,830.9,14.03,1.72,530,554,24,4.53,410,474,120,80,77.36,85.56,8.2,22.64,14.44,-8.2,1.1,1.19,1.19,1.29,7.88,7.83,5327855,Washington,POINT (-119.00041000042103 47.942829999904745)
Mabton,1891,2286,395,20.89,156,154,-2,4026.33,2860.55,-1166,-28.95,463,548,85,18.36,445,528,18,20,96.11,96.35,0.24,3.89,3.65,-0.24,0.47,0.8,0.47,0.8,0,0,5340980,Washington,POINT (-119.99854000032059 46.21092000035787)
Gold Bar,2014,2075,61,3.03,151,160,9,1887.15,2013.97,126.81,6.72,769,837,68,8.84,705,782,64,55,91.68,93.43,1.75,8.32,6.57,-1.75,1.07,1.03,1.08,1.03,0.9,0,5327365,Washington,POINT (-121.6976299999244 47.855490000263444)
Spokane,195629,208916,13287,6.79,2,2,0,3387,3526.2,139.2,4.11,87941,94291,6350,7.22,81512,87271,6429,7020,92.69,92.55,-0.13,7.31,7.45,0.13,57.76,59.25,58.52,60.02,1.3,1.29,5367000,Washington,POINT (-117.41227999972205 47.657260000448844)
Westport,2137,2099,-38,-1.78,146,159,13,592.91,566.98,-25.93,-4.37,1358,1561,203,14.95,983,999,375,562,72.39,64,-8.39,27.61,36,8.39,3.6,3.7,4.24,4.5,14.9,17.8,5377630,Washington,POINT (-124.10423999957618 46.890780000097095)
Washougal,8595,14095,5500,63.99,73,64,-9,1734.46,2600.24,865.78,49.92,3463,5673,2210,63.82,3294,5256,169,417,95.12,92.65,-2.47,4.88,7.35,2.47,4.96,5.42,5.03,6.3,1.44,13.95,5376405,Washington,POINT (-122.35326000014874 45.57922000020301)
Kennewick,54693,73917,19224,35.15,12,13,1,2384.93,2744.47,359.54,15.08,22043,28507,6464,29.32,20786,27266,1257,1241,94.3,95.65,1.35,5.7,4.35,-1.35,22.93,26.93,24.32,28.36,5.69,5.03,5335275,Washington,POINT (-119.11697999992691 46.20803999974635)
Richland,38708,48058,9350,24.16,20,21,1,1111.76,1345.54,233.77,21.03,16458,20876,4418,26.84,15549,19707,909,1169,94.48,94.4,-0.08,5.52,5.6,0.08,34.82,35.72,37.76,39.11,7.8,8.68,5358235,Washington,POINT (-119.27372000017772 46.273910000346405)
Union Gap,5621,6047,426,7.58,98,110,12,1117.74,1197.02,79.28,7.09,2210,2173,-37,-1.67,2070,2061,140,112,93.67,94.85,1.18,6.33,5.15,-1.18,5.03,5.05,5.03,5.06,0.11,0.11,5373290,Washington,POINT (-120.47533000007928 46.55666000015907)
Woodinville,9194,10938,1744,18.97,65,72,7,1630.01,1952.31,322.3,19.77,3592,4996,1404,39.09,3512,4478,80,518,97.77,89.63,-8.14,2.23,10.37,8.14,5.64,5.6,5.66,5.62,0.29,0.3,5379590,Washington,POINT (-122.15711999958819 47.754479999752334)
Concrete,790,705,-85,-10.76,207,217,10,650.29,576.87,-73.42,-11.29,335,358,23,6.87,300,295,35,63,89.55,82.4,-7.15,10.45,17.6,7.15,1.21,1.22,1.24,1.25,1.65,1.94,5314380,Washington,POINT (-121.75175000006232 48.53890000003514)
Chelan,3522,3890,368,10.45,119,128,9,933.91,618.69,-315.2,-33.75,2058,2516,458,22.25,1471,1602,587,914,71.48,63.67,-7.8,28.52,36.33,7.8,3.77,6.29,3.88,6.35,2.8,0.97,5311615,Washington,POINT (-120.01379000030812 47.839830000254494)
Clyde Hill,2890,2984,94,3.25,130,139,9,2732.18,2826.32,94.14,3.45,1076,1099,23,2.14,1054,1028,22,71,97.96,93.54,-4.42,2.04,6.46,4.42,1.06,1.06,1.06,1.06,0,0,5313365,Washington,POINT (-122.21014000026065 47.63198000017701)
Northport,336,295,-41,-12.2,249,253,4,592.72,509.35,-83.37,-14.07,179,168,-11,-6.15,151,139,28,29,84.36,82.74,-1.62,15.64,17.26,1.62,0.57,0.58,0.57,0.58,0,0,5350045,Washington,POINT (-117.77812000013773 48.91739000014854)
Kent,79524,92411,12887,16.21,8,7,-1,2836.7,3228.31,391.61,13.81,32488,36424,3936,12.12,31113,34044,1375,2380,95.77,93.47,-2.3,4.23,6.53,2.3,28.03,28.63,28.27,29.18,0.84,1.91,5335415,Washington,POINT (-122.23742000013277 47.38027999962247)
Shelton,8442,9834,1392,16.49,76,79,3,1519.39,1708.72,189.33,12.46,3403,3847,444,13.05,3191,3574,212,273,93.77,92.9,-0.87,6.23,7.1,0.87,5.56,5.76,5.89,6.09,5.63,5.47,5363735,Washington,POINT (-123.10565000004732 47.212460000129056)
Omak,4721,4845,124,2.63,105,118,13,1646.04,1413.49,-232.6,-14.13,2016,2168,152,7.54,1861,2037,155,131,92.31,93.96,1.65,7.69,6.04,-1.65,2.87,3.43,2.94,3.5,2.52,1.99,5351340,Washington,POINT (-119.52794000003081 48.41084000036591)
Washtucna,260,208,-52,-20,257,265,8,484.7,300.34,-184.4,-38.04,133,126,-7,-5.26,110,97,23,29,82.71,76.98,-5.72,17.29,23.02,5.72,0.54,0.69,0.54,0.69,0,0,5376440,Washington,POINT (-118.31100000004983 46.755779999647416)
Normandy Park,6392,6335,-57,-0.89,89,106,17,2597.26,2513.41,-83.86,-3.23,2670,2838,168,6.29,2609,2620,61,218,97.72,92.32,-5.4,2.28,7.68,5.4,2.46,2.52,6.62,6.68,62.8,62.24,5349415,Washington,POINT (-122.34599000033808 47.446079999692415)
Longview,34660,36648,1988,5.74,22,28,6,2530.01,2530.08,0.07,0,15225,16380,1155,7.59,14066,15281,1159,1099,92.39,93.29,0.9,7.61,6.71,-0.9,13.7,14.48,14.1,14.78,2.87,2,5340245,Washington,POINT (-122.95054000032059 46.146809999981656)
Everett,91488,103019,11531,12.6,6,6,0,2814.62,3080.03,265.41,9.43,38512,44609,6097,15.83,36325,41312,2187,3297,94.32,92.61,-1.71,5.68,7.39,1.71,32.5,33.45,47.65,48.48,31.79,31.01,5322640,Washington,POINT (-122.20641999958315 47.976570000005665)
Stevenson,1200,1465,265,22.08,178,179,1,813.39,890.74,77.35,9.51,523,703,180,34.42,474,640,49,63,90.63,91.04,0.41,9.37,8.96,-0.41,1.48,1.64,1.57,1.79,6.25,7.88,5367875,Washington,POINT (-121.88462999987445 45.69319000031845)
Rosalia,648,550,-98,-15.12,214,231,17,1059.14,893.75,-165.4,-15.62,272,270,-2,-0.74,246,228,26,42,90.44,84.44,-6,9.56,15.56,6,0.61,0.62,0.61,0.62,0,0,5359775,Washington,POINT (-117.37046000022866 47.234280000022125)
Snohomish,8494,9098,604,7.11,75,85,10,3368.84,2648.11,-720.7,-21.39,3444,3959,515,14.95,3276,3645,168,314,95.12,92.07,-3.05,4.88,7.93,3.05,2.52,3.44,2.58,3.59,2.28,4.33,5365170,Washington,POINT (-122.09305999971906 47.91239999956048)
Naches,643,795,152,23.64,215,209,-6,1595.83,1158.23,-437.6,-27.42,279,346,67,24.01,258,317,21,29,92.47,91.62,-0.85,7.53,8.38,0.85,0.4,0.69,0.4,0.69,0,0,5347805,Washington,POINT (-120.69972000027764 46.73089999983529)
Burien,31881,33313,1432,4.49,27,31,4,4287.02,4489.82,202.8,4.73,13898,14322,424,3.05,13399,13253,499,1069,96.41,92.54,-3.87,3.59,7.46,3.87,7.44,7.42,13.22,13.23,43.76,43.9,5308850,Washington,POINT (-122.34035999971405 47.46862000041284)
Wilson Creek,227,205,-22,-9.69,261,267,6,229.75,214.28,-15.47,-6.73,108,116,8,7.41,96,94,12,22,88.89,81.03,-7.85,11.11,18.97,7.85,0.99,0.96,0.99,0.96,0,0,5379135,Washington,POINT (-119.12165000034707 47.42285000042733)
Battle Ground,9296,17571,8275,89.02,64,56,-8,2552.61,2454.38,-98.23,-3.85,3196,5952,2756,86.23,3071,5652,125,300,96.09,94.96,-1.13,3.91,5.04,1.13,3.64,7.16,3.64,7.16,0,0,5304475,Washington,POINT (-122.53406000016872 45.7809199999582)
Gig Harbor,6465,7126,661,10.22,88,97,9,1485.19,1198.23,-287,-19.32,3085,3560,475,15.4,2880,3291,205,269,93.35,92.44,-0.91,6.65,7.56,0.91,4.35,5.95,4.36,5.95,0.1,0.08,5326735,Washington,POINT (-122.58036999987547 47.32799999980034)
Granite Falls,2347,3364,1017,43.33,140,132,-8,1372.94,1540.57,167.63,12.21,873,1344,471,53.95,846,1222,27,122,96.91,90.92,-5.98,3.09,9.08,5.98,1.71,2.18,1.71,2.2,0,0.91,5327995,Washington,POINT (-121.96927999957217 48.08157000015552)
Granger,2530,3246,716,28.3,136,134,-2,2019.74,1809.69,-210.1,-10.4,609,813,204,33.5,570,774,39,39,93.6,95.2,1.61,6.4,4.8,-1.61,1.25,1.79,1.27,1.81,1.12,0.79,5327960,Washington,POINT (-120.18856000014375 46.337700000354914)
South Cle Elum,457,532,75,16.41,235,233,-2,1089.46,1349.62,260.16,23.88,210,271,61,29.05,185,235,25,36,88.1,86.72,-1.38,11.9,13.28,1.38,0.42,0.39,0.42,0.39,0,0,5365765,Washington,POINT (-120.948179999807 47.18849999957547)
Cheney,8832,10590,1758,19.9,70,76,6,2160.97,2481.94,320.97,14.85,3293,4183,890,27.03,3108,3902,185,281,94.38,93.28,-1.1,5.62,6.72,1.1,4.09,4.27,4.11,4.3,0.63,0.7,5311825,Washington,POINT (-117.5747699998355 47.48901000001166)
Grandview,8377,10862,2485,29.66,78,73,-5,1552.34,1742.61,190.27,12.26,2581,3136,555,21.5,2431,2996,150,140,94.19,95.54,1.35,5.81,4.46,-1.35,5.4,6.23,5.4,6.31,0,1.26,5327925,Washington,POINT (-119.90122999956469 46.25606000006911)
Burlington,6757,8388,1631,24.14,87,89,2,1609.81,1970.15,360.33,22.38,2531,3419,888,35.08,2398,3166,133,253,94.75,92.6,-2.14,5.25,7.4,2.14,4.2,4.26,4.34,4.42,3.27,3.67,5308920,Washington,POINT (-122.33029000028313 48.468460000029154)
Lyman,409,438,29,7.09,241,241,0,621.2,652.59,31.39,5.05,173,172,-1,-0.58,161,160,12,12,93.06,93.02,-0.04,6.94,6.98,0.04,0.66,0.67,0.76,0.76,13.05,12.05,5340770,Washington,POINT (-122.05976000012379 48.525250000087624)
Montesano,3312,3976,664,20.05,121,127,6,320.39,381.79,61.39,19.16,1408,1684,276,19.6,1326,1563,82,121,94.18,92.81,-1.36,5.82,7.19,1.36,10.34,10.41,10.43,10.58,0.85,1.58,5346895,Washington,POINT (-123.60076000017375 46.98384000001613)
Tonasket,994,1032,38,3.82,191,197,6,1544.7,1285.91,-258.8,-16.75,482,511,29,6.02,420,453,62,58,87.14,88.65,1.51,12.86,11.35,-1.51,0.64,0.8,0.64,0.8,0,0,5371890,Washington,POINT (-119.4368300001043 48.70853999982131)
Oakville,675,684,9,1.33,210,218,8,1407.26,1379.1,-28.16,-2,260,291,31,11.92,233,260,27,31,89.62,89.35,-0.27,10.38,10.65,0.27,0.48,0.5,0.48,0.5,0,0,5350430,Washington,POINT (-123.23286999965063 46.84041000022148)
Okanogan,2484,2552,68,2.74,137,148,11,1354.81,1309.47,-45.35,-3.35,997,1051,54,5.42,909,983,88,68,91.17,93.53,2.36,8.83,6.47,-2.36,1.83,1.95,1.87,1.99,2.04,2.24,5350920,Washington,POINT (-119.57958999957867 48.36540000030993)
Ferndale,8758,11415,2657,30.34,71,70,-1,1409.14,1726.09,316.95,22.49,3292,4428,1136,34.51,3147,4210,145,218,95.6,95.08,-0.52,4.4,4.92,0.52,6.22,6.61,6.27,6.7,0.85,1.25,5323620,Washington,POINT (-122.5935099996866 48.847560000393855)
Walla Walla,29686,31731,2045,6.89,31,34,3,2744.86,2478.07,-266.8,-9.72,11400,12514,1114,9.77,10596,11537,804,977,92.95,92.19,-0.75,7.05,7.81,0.75,10.82,12.8,10.83,12.84,0.18,0.25,5375775,Washington,POINT (-118.34236999967561 46.070379999837314)
Bothell,30150,33505,3355,11.13,29,30,1,2501.55,2765.6,264.05,10.56,12303,14255,1952,15.87,11923,13497,380,758,96.91,94.68,-2.23,3.09,5.32,2.23,12.05,12.11,12.05,12.11,0,0,5307380,Washington,POINT (-122.20561999956317 47.761370000025636)
Lacey,31226,42393,11167,35.76,28,24,-4,1957.78,2639.9,682.12,34.84,13160,18493,5333,40.52,12459,16949,701,1544,94.67,91.65,-3.02,5.33,8.35,3.02,15.95,16.06,16.32,16.5,2.29,2.7,5336745,Washington,POINT (-122.8232199997031 47.044770000335404)
SeaTac,25496,26909,1413,5.54,35,40,5,2558.78,2682.88,124.1,4.85,10176,10360,184,1.81,9708,9533,468,827,95.4,92.02,-3.38,4.6,7.98,3.38,9.96,10.03,10.13,10.21,1.65,1.72,5362288,Washington,POINT (-122.2742600001987 47.43406000026897)
Colton,386,418,32,8.29,243,245,2,654.99,707.48,52.49,8.01,152,167,15,9.87,148,164,4,3,97.37,98.2,0.84,2.63,1.8,-0.84,0.59,0.59,0.59,0.59,0,0,5313890,Washington,POINT (-117.12926999961064 46.56799999970042)
St. John,548,537,-11,-2.01,228,232,4,1056.19,857.61,-198.6,-18.8,279,304,25,8.96,258,261,21,43,92.47,85.86,-6.62,7.53,14.14,6.62,0.52,0.63,0.52,0.63,0,0,5360860,Washington,POINT (-117.58209999971507 47.09186999960099)
Ridgefield,2147,4763,2616,121.84,145,119,-26,420.76,672.89,252.13,59.92,777,1695,918,118.15,739,1591,38,104,95.11,93.86,-1.25,4.89,6.14,1.25,5.1,7.08,5.11,7.18,0.21,1.41,5358410,Washington,POINT (-122.74595000039204 45.8153900004483)
Darrington,1136,1347,211,18.57,182,183,1,1171.87,815.65,-356.2,-30.4,505,644,139,27.52,473,567,32,77,93.66,88.04,-5.62,6.34,11.96,5.62,0.97,1.65,0.97,1.67,0,1.32,5316690,Washington,POINT (-121.60420999959166 48.25430999990675)
Leavenworth,2074,1965,-109,-5.26,148,162,14,1675.61,1601.22,-74.39,-4.44,1107,1241,134,12.1,899,908,208,333,81.21,73.17,-8.04,18.79,26.83,8.04,1.24,1.23,1.25,1.24,1.19,1.34,5338845,Washington,POINT (-120.65949000036306 47.59719000021852)
Moxee,821,3308,2487,302.92,206,133,-73,697.32,1955.54,1258.2,180.44,307,1032,725,236.16,292,1014,15,18,95.11,98.26,3.14,4.89,1.74,-3.14,1.18,1.69,1.18,1.69,0,0,5347665,Washington,POINT (-120.39198000007679 46.556210000091596)
Cashmere,2965,3063,98,3.31,128,136,8,3322.06,2974.54,-347.5,-10.46,1174,1179,5,0.43,1105,1118,69,61,94.12,94.83,0.7,5.88,5.17,-0.7,0.89,1.03,0.91,1.07,1.93,3.88,5310495,Washington,POINT (-120.46997999977702 47.521729999839806)
Bonney Lake,9687,17374,7687,79.35,63,57,-6,1780.94,2187.64,406.7,22.84,3404,6394,2990,87.84,3266,5989,138,405,95.95,93.67,-2.28,4.05,6.33,2.28,5.44,7.94,5.51,8.01,1.27,0.84,5307170,Washington,POINT (-122.17063000027417 47.191759999724354)
Rock Island,863,788,-75,-8.69,203,211,8,1460.88,1284.91,-176,-12.05,276,277,1,0.36,270,262,6,15,97.83,94.58,-3.24,2.17,5.42,3.24,0.59,0.61,0.63,0.75,6.64,18.43,5359180,Washington,POINT (-120.14365000024719 47.37152999990974)
Chewelah,2186,2607,421,19.26,144,147,3,742.95,874.84,131.89,17.75,1004,1284,280,27.89,911,1150,93,134,90.74,89.56,-1.17,9.26,10.44,1.17,2.94,2.98,2.94,2.98,0,0,5312140,Washington,POINT (-117.71554999973256 48.281359999964195)
Port Angeles,18397,19038,641,3.48,43,51,8,1823.14,1779.81,-43.33,-2.38,8682,9272,590,6.8,8053,8459,629,813,92.76,91.23,-1.52,7.24,8.77,1.52,10.09,10.7,63.06,14.52,84,26.32,5355365,Washington,POINT (-123.43129999969506 48.118720000128064)
McCleary,1454,1653,199,13.69,173,173,0,800.2,806.21,6,0.75,583,759,176,30.19,555,699,28,60,95.2,92.09,-3.1,4.8,7.91,3.1,1.82,2.05,1.83,2.07,0.52,1.06,5341225,Washington,POINT (-123.26405000040705 47.049459999879275)
Malden,215,203,-12,-5.58,263,268,5,326.12,304.16,-21.95,-6.73,108,118,10,9.26,93,90,15,28,86.11,76.27,-9.84,13.89,23.73,9.84,0.66,0.67,0.66,0.67,0,0,5342275,Washington,POINT (-117.47879999972008 47.22937999978734)
Uniontown,345,294,-51,-14.78,248,254,6,380.08,316.93,-63.15,-16.61,160,149,-11,-6.88,133,130,27,19,83.13,87.25,4.12,16.88,12.75,-4.12,0.91,0.93,0.91,0.93,0,0,5373360,Washington,POINT (-117.08724000032561 46.53851000043636)
Prescott,314,318,4,1.27,251,249,-2,919.85,786.54,-133.3,-14.49,152,156,4,2.63,123,136,29,20,80.92,87.18,6.26,19.08,12.82,-6.26,0.34,0.4,0.34,0.4,0,0,5356240,Washington,POINT (-118.31243000034408 46.29961000020154)
Hunts Point,443,394,-49,-11.06,236,246,10,1516.6,1348.27,-168.3,-11.1,186,181,-5,-2.69,165,151,21,30,88.71,83.43,-5.28,11.29,16.57,5.28,0.29,0.29,0.3,0.3,2.47,2.5,5332755,Washington,POINT (-122.2256899996936 47.637580000316916)
Renton,50052,90927,40875,81.67,14,9,-5,2939.67,3932.94,993.28,33.79,22676,38930,16254,71.68,21708,36009,968,2921,95.73,92.5,-3.23,4.27,7.5,3.23,17.03,23.12,17.3,23.54,1.6,1.78,5357745,Washington,POINT (-122.20456000014377 47.47556000029397)
Ilwaco,950,936,-14,-1.47,197,203,6,461.53,445.97,-15.56,-3.37,524,567,43,8.21,416,443,108,124,79.39,78.13,-1.26,20.61,21.87,1.26,2.06,2.1,2.37,5.93,13.25,64.59,5333000,Washington,POINT (-124.03532999997935 46.308800000419865)
Goldendale,3760,3407,-353,-9.39,116,131,15,1592.65,1349.81,-242.8,-15.25,1690,1635,-55,-3.25,1515,1462,175,173,89.64,89.42,-0.23,10.36,10.58,0.23,2.36,2.52,2.36,2.52,0,0,5327435,Washington,POINT (-120.8253999999099 45.82299999975038)
Colville,4988,4673,-315,-6.32,101,121,20,2079.79,1596.21,-483.6,-23.25,2219,2221,2,0.09,2090,2043,129,178,94.19,91.99,-2.2,5.81,8.01,2.2,2.4,2.93,2.4,2.93,0,0,5314170,Washington,POINT (-117.90475000041204 48.54657000030545)
Sedro-Woolley,8658,10540,1882,21.74,72,77,5,2547.73,2766.86,219.13,8.6,3334,4303,969,29.06,3205,3995,129,308,96.13,92.84,-3.29,3.87,7.16,3.29,3.4,3.81,3.4,3.81,0.19,0,5363210,Washington,POINT (-122.23857000010526 48.50872999998967)
North Bonneville,593,956,363,61.21,224,202,-22,246.06,397.4,151.34,61.5,237,459,222,93.67,228,420,9,39,96.2,91.5,-4.7,3.8,8.5,4.7,2.41,2.41,2.62,2.62,8.05,8.06,5349555,Washington,POINT (-121.97156999995536 45.64096000010409)
Waitsburg,1212,1217,5,0.41,177,189,12,1279.5,1091.56,-187.9,-14.69,522,522,0,0,490,475,32,47,93.87,91,-2.87,6.13,9,2.87,0.95,1.11,0.95,1.11,0,0,5375565,Washington,POINT (-118.15441999998285 46.27012000003816)
Conconully,185,210,25,13.51,268,264,-4,834.26,684.55,-149.7,-17.94,192,189,-3,-1.56,94,103,98,86,48.96,54.5,5.54,51.04,45.5,-5.54,0.22,0.31,0.22,0.31,0,0.07,5314310,Washington,POINT (-119.75013000039905 48.55780999973189)
Kenmore,18678,20460,1782,9.54,42,45,3,3028.69,3326.57,297.88,9.84,7562,8569,1007,13.32,7307,7984,255,585,96.63,93.17,-3.45,3.37,6.83,3.45,6.17,6.15,6.26,6.26,1.54,1.69,5335170,Washington,POINT (-122.24368999969357 47.75876000017405)
Duvall,4616,6695,2079,45.04,106,102,-4,2020.51,2713.83,693.31,34.31,1646,2315,669,40.64,1596,2224,50,91,96.96,96.07,-0.89,3.04,3.93,0.89,2.28,2.47,2.28,2.49,0,0.89,5319035,Washington,POINT (-121.9861400000608 47.740479999852255)
Tukwila,17181,19107,1926,11.21,45,50,5,1927.01,2084.02,157.02,8.15,7725,7755,30,0.39,7186,7157,539,598,93.02,92.29,-0.73,6.98,7.71,0.73,8.92,9.17,9.07,9.58,1.69,4.29,5372625,Washington,POINT (-122.25538999964863 47.462410000021634)
Pasco,32066,59781,27715,86.43,26,16,-10,1141.85,1960.34,818.49,71.68,10341,18782,8441,81.63,9619,17983,722,799,93.02,95.75,2.73,6.98,4.25,-2.73,28.08,30.5,30.22,34.07,7.08,10.49,5353545,Washington,POINT (-119.09456000024369 46.23518000035688)
Des Moines,29267,29673,406,1.39,32,38,6,4616.54,4564.43,-52.1,-1.13,11777,12588,811,6.89,11337,11664,440,924,96.26,92.66,-3.6,3.74,7.34,3.6,6.34,6.5,6.34,6.5,0,0,5317635,Washington,POINT (-122.31989000002335 47.40781000023151)
Lake Stevens,6361,28069,21708,341.27,91,39,-52,2951.85,3162.07,210.22,7.12,2234,10414,8180,366.16,2139,9810,95,604,95.75,94.2,-1.55,4.25,5.8,1.55,2.15,8.88,2.16,8.89,0.01,0.16,5337900,Washington,POINT (-122.06417000024516 48.014379999837274)
Wenatchee,27856,31925,4069,14.61,33,32,-1,4049.56,4110.44,60.88,1.5,11486,13175,1689,14.7,10741,12379,745,796,93.51,93.96,0.44,6.49,6.04,-0.44,6.88,7.77,7.33,8.04,6.14,3.36,5377105,Washington,POINT (-120.30487999981199 47.41415999988425)
Poulsbo,6813,9200,2387,35.04,85,82,-3,2121.49,1969.91,-151.6,-7.14,2992,4115,1123,37.53,2845,3883,147,232,95.09,94.36,-0.72,4.91,5.64,0.72,3.21,4.67,3.8,5.27,15.5,11.43,5355995,Washington,POINT (-122.64682000024266 47.73628000042186)
Napavine,1361,1766,405,29.76,175,168,-7,1702.46,742.85,-959.6,-56.37,474,662,188,39.66,444,609,30,53,93.67,91.99,-1.68,6.33,8.01,1.68,0.8,2.38,0.8,2.39,0,0.46,5347980,Washington,POINT (-122.91101000031114 46.575640000385874)
Index,157,178,21,13.38,270,273,3,620.32,787.97,167.64,27.03,100,116,16,16,75,80,25,36,75,68.97,-6.03,25,31.03,6.03,0.25,0.23,0.25,0.23,0,0,5333175,Washington,POINT (-121.55360999990143 47.820319999868275)
Camas,12534,19355,6821,54.42,57,49,-8,1149.34,1435,285.66,24.85,4736,7072,2336,49.32,4480,6619,256,453,94.59,93.59,-1,5.41,6.41,1,10.91,13.49,12.57,15.25,13.28,11.56,5309480,Washington,POINT (-122.4019899999384 45.586940000081086)
Starbuck,130,129,-1,-0.77,274,277,3,639.61,623.99,-15.62,-2.44,86,91,5,5.81,65,73,21,18,75.58,80.22,4.64,24.42,19.78,-4.64,0.2,0.21,0.2,0.21,0,0,5367490,Washington,POINT (-118.12447000019023 46.51783000005463)
Steilacoom,6049,5985,-64,-1.06,93,111,18,2916.88,2933.47,16.59,0.57,2674,2793,119,4.45,2570,2559,104,234,96.11,91.62,-4.49,3.89,8.38,4.49,2.07,2.04,2.1,2.07,1.41,1.58,5367770,Washington,POINT (-122.59801999992288 47.17303000023446)
Woodway,936,1307,371,39.64,199,186,-13,840.08,1180.09,340,40.47,343,466,123,35.86,336,448,7,18,97.96,96.14,-1.82,2.04,3.86,1.82,1.11,1.11,3.9,3.9,71.44,71.57,5379835,Washington,POINT (-122.38464000023566 47.782449999967696)
Eatonville,2012,2758,746,37.08,152,145,-7,1176.38,1513.25,336.86,28.64,805,1059,254,31.55,748,992,57,67,92.92,93.67,0.75,7.08,6.33,-0.75,1.71,1.82,1.71,1.84,0,1.02,5320260,Washington,POINT (-122.26862000001285 46.86732000011807)
Ritzville,1736,1673,-63,-3.63,161,172,11,1347.76,982.6,-365.2,-27.09,873,902,29,3.32,777,751,96,151,89,83.26,-5.74,11,16.74,5.74,1.29,1.7,1.29,1.7,0,0,5358725,Washington,POINT (-118.37959000017821 47.12730000029495)
Friday Harbor,1989,2162,173,8.7,153,156,3,1467.67,1033.39,-434.3,-29.59,1053,1273,220,20.89,896,1015,157,258,85.09,79.73,-5.36,14.91,20.27,5.36,1.36,2.09,1.42,2.16,4.88,3.32,5325615,Washington,POINT (-123.01647999965212 48.53448000035189)
Edgewood,9089,9387,298,3.28,67,81,14,1067.6,1115.94,48.34,4.53,3562,3801,239,6.71,3421,3609,141,192,96.04,94.95,-1.09,3.96,5.05,1.09,8.51,8.41,8.52,8.42,0.1,0.1,5320645,Washington,POINT (-122.29109000020321 47.236390000198526)
Langley,959,1035,76,7.92,193,196,3,1165.9,961.78,-204.1,-17.51,542,678,136,25.09,486,555,56,123,89.67,81.86,-7.81,10.33,18.14,7.81,0.82,1.08,0.82,1.08,0,0,5338355,Washington,POINT (-122.40621999985296 48.03992000040785)
Hamilton,309,301,-8,-2.59,252,251,-1,313.23,267.63,-45.6,-14.56,135,141,6,4.44,117,116,18,25,86.67,82.27,-4.4,13.33,17.73,4.4,0.99,1.12,0.99,1.12,0,0,5329255,Washington,POINT (-121.9889199996581 48.52978000034693)
Sumas,960,1307,347,36.15,192,186,-6,687.47,884.34,196.86,28.64,401,531,130,32.42,346,482,55,49,86.28,90.77,4.49,13.72,9.23,-4.49,1.4,1.48,1.4,1.48,0,0.14,5368330,Washington,POINT (-122.26496000030363 48.999559999694384)
George,528,501,-27,-5.11,230,235,5,879.25,375.74,-503.5,-57.27,162,168,6,3.7,141,131,21,37,87.04,77.98,-9.06,12.96,22.02,9.06,0.6,1.33,0.6,1.33,0,0,5326455,Washington,POINT (-119.85645999982899 47.081060000219)
Auburn,40314,70180,29866,74.08,18,14,-4,1895.93,2369.28,473.35,24.97,16767,27834,11067,66,16108,26058,659,1776,96.07,93.62,-2.45,3.93,6.38,2.45,21.26,29.62,21.27,29.89,0.03,0.9,5303180,Washington,POINT (-122.23040999972159 47.30740000040987)
East Wenatchee,5757,13190,7433,129.11,97,65,-32,2474.45,3469.88,995.43,40.23,2429,5275,2846,117.17,2295,4997,134,278,94.48,94.73,0.25,5.52,5.27,-0.25,2.33,3.8,2.33,3.81,0,0.22,5320155,Washington,POINT (-120.29459000012827 47.41483000020452)
Entiat,957,1112,155,16.2,194,193,-1,700.63,526.32,-174.3,-24.88,400,495,95,23.75,342,421,58,74,85.5,85.05,-0.45,14.5,14.95,0.45,1.37,2.11,1.92,2.75,28.77,23.03,5322010,Washington,POINT (-120.20896000020372 47.67496000010408)
Cathlamet,565,532,-33,-5.84,227,233,6,1426.18,1089.93,-336.3,-23.58,278,296,18,6.47,246,258,32,38,88.49,87.16,-1.33,11.51,12.84,1.33,0.4,0.49,0.4,0.5,0,1.46,5310635,Washington,POINT (-123.38572999993937 46.207310000256484)
Mountlake Terrace,20362,19909,-453,-2.22,39,48,9,5036.75,4908.75,-128,-2.54,8217,8602,385,4.69,7962,8192,255,410,96.9,95.23,-1.66,3.1,4.77,1.66,4.04,4.06,4.15,4.16,2.57,2.55,5347490,Washington,POINT (-122.3111099998265 47.788030000084575)
Maple Valley,14209,22684,8475,59.65,51,43,-8,2617.88,3965.52,1347.6,51.48,4922,7997,3075,62.47,4809,7679,113,318,97.7,96.02,-1.68,2.3,3.98,1.68,5.43,5.72,5.59,5.9,2.96,3.06,5343150,Washington,POINT (-122.04531000015623 47.39381000033143)
Riverside,348,280,-68,-19.54,247,258,11,389.49,287.73,-101.8,-26.13,153,154,1,0.65,143,128,10,26,93.46,83.12,-10.35,6.54,16.88,10.35,0.89,0.97,0.97,1,8.12,2.3,5358795,Washington,POINT (-119.50856000024368 48.501190000318445)
Millwood,1649,1786,137,8.31,167,166,-1,2395.68,2546.5,150.82,6.3,779,793,14,1.8,741,751,38,42,95.12,94.7,-0.42,4.88,5.3,0.42,0.69,0.7,0.72,0.73,4.77,4.56,5345985,Washington,POINT (-117.2820200002227 47.68506000001918)
Snoqualmie,1631,10670,9039,554.2,168,74,-94,317.21,1666.13,1348.9,425.24,656,3761,3105,473.32,632,3547,24,214,96.34,94.31,-2.03,3.66,5.69,2.03,5.14,6.4,5.17,6.52,0.52,1.72,5365205,Washington,POINT (-121.824719999828 47.52704999965795)
Tekoa,826,778,-48,-5.81,205,212,7,727.17,681.95,-45.22,-6.22,363,360,-3,-0.83,318,307,45,53,87.6,85.28,-2.33,12.4,14.72,2.33,1.14,1.14,1.14,1.14,0,0,5370560,Washington,POINT (-117.07361999996289 47.226789999958726)
Seattle,563374,608660,45286,8.04,1,1,0,6717.02,7250.91,533.89,7.95,270524,308516,37992,14.04,258499,283510,12025,25006,95.55,91.89,-3.66,4.45,8.11,3.66,83.87,83.94,142.54,142.65,41.16,41.16,5363000,Washington,POINT (-122.32943999975606 47.60355999989423)
Odessa,957,910,-47,-4.91,194,205,11,1170.89,1106.88,-64.01,-5.47,472,460,-12,-2.54,405,394,67,66,85.81,85.65,-0.15,14.19,14.35,0.15,0.82,0.82,0.82,0.82,0,0,5350745,Washington,POINT (-118.68998999983847 47.333229999964715)
Mesa,425,489,64,15.06,238,236,-2,268.7,298.92,30.22,11.25,111,128,17,15.32,105,124,6,4,94.59,96.88,2.28,5.41,3.13,-2.28,1.58,1.64,1.58,1.64,0,0,5345180,Washington,POINT (-119.00526999971055 46.57831000030643)
Davenport,1730,1734,4,0.23,163,169,6,1143.33,954.76,-188.6,-16.49,763,750,-13,-1.7,707,694,56,56,92.66,92.53,-0.13,7.34,7.47,0.13,1.51,1.82,1.51,1.82,0,0,5316795,Washington,POINT (-118.14912999974956 47.65404999990773)
Winlock,1166,1339,173,14.84,179,184,5,1073.62,1037.56,-36.06,-3.36,462,535,73,15.8,420,475,42,60,90.91,88.79,-2.12,9.09,11.21,2.12,1.09,1.29,1.09,1.29,0,0,5379275,Washington,POINT (-122.93880999988147 46.49114000041084)
Winthrop,349,394,45,12.89,246,246,0,398.83,418.8,19.97,5.01,242,300,58,23.97,185,205,57,95,76.45,68.33,-8.11,23.55,31.67,8.11,0.88,0.94,0.88,0.94,0,0,5379380,Washington,POINT (-120.17756000009376 48.47373000023947)
Ephrata,6808,7664,856,12.57,86,91,5,682.95,759.91,76.96,11.27,2788,3086,298,10.69,2561,2856,227,230,91.86,92.55,0.69,8.14,7.45,-0.69,9.97,10.09,9.97,10.09,0,0,5322080,Washington,POINT (-119.55125000028715 47.318670000320424)
Coupeville,1723,1831,108,6.27,164,164,0,1346.7,1489.36,142.66,10.59,814,933,119,14.62,737,806,77,127,90.54,86.39,-4.15,9.46,13.61,4.15,1.28,1.23,1.28,1.23,0,0,5315185,Washington,POINT (-122.68557999981698 48.21857000020549)
Roslyn,1017,893,-124,-12.19,188,206,18,213.02,204.52,-8.5,-3.99,623,648,25,4.01,467,437,156,211,74.96,67.44,-7.52,25.04,32.56,7.52,4.77,4.37,4.77,4.37,0,0,5360055,Washington,POINT (-120.99603000038405 47.22594999989275)
Ione,479,447,-32,-6.68,234,239,5,881.3,842.36,-38.94,-4.42,239,237,-2,-0.84,200,195,39,42,83.68,82.28,-1.4,16.32,17.72,1.4,0.54,0.53,0.6,0.58,9.29,8.11,5333560,Washington,POINT (-117.4179300003691 48.74133999974134)
Moses Lake,14953,20366,5413,36.2,48,46,-2,1468.61,1292.72,-175.9,-11.98,6263,8365,2102,33.56,5642,7600,621,765,90.08,90.85,0.77,9.92,9.15,-0.77,10.18,15.75,11.94,18.75,14.7,15.99,5347245,Washington,POINT (-119.27715000007231 47.13192999976985)
Sammamish,34104,45780,11676,34.24,23,23,0,1888.94,2512.24,623.3,33,11599,15736,4137,35.67,11131,15154,468,582,95.97,96.3,0.34,4.03,3.7,-0.34,18.05,18.22,18.3,18.47,1.37,1.34,5361115,Washington,POINT (-122.03546999964061 47.61353999967139)
South Bend,1807,1637,-170,-9.41,158,175,17,999.38,1007.66,8.28,0.83,815,780,-35,-4.29,702,684,113,96,86.13,87.69,1.56,13.87,12.31,-1.56,1.81,1.62,2.19,2,17.46,18.88,5365625,Washington,POINT (-123.78696999966559 46.66870000030491)
Kittitas,1105,1381,276,24.98,183,182,-1,1813.72,1817.78,4.06,0.22,510,579,69,13.53,443,543,67,36,86.86,93.78,6.92,13.14,6.22,-6.92,0.61,0.76,0.61,0.76,0,0,5336045,Washington,POINT (-120.41751999974804 46.98472000012805)
Yacolt,1055,1566,511,48.44,185,177,-8,2075.25,3131.47,1056.2,50.9,344,484,140,40.7,319,454,25,30,92.73,93.8,1.07,7.27,6.2,-1.07,0.51,0.5,0.51,0.5,0,0,5379975,Washington,POINT (-122.40847999975205 45.8667999997204)
Toppenish,8946,8949,3,0.03,69,86,17,4762.67,4280.01,-482.7,-10.13,2440,2334,-106,-4.34,2275,2237,165,97,93.24,95.84,2.61,6.76,4.16,-2.61,1.88,2.09,1.88,2.09,0,0,5371960,Washington,POINT (-120.31298000012674 46.37508000014208)
Marysville,25315,60020,34705,137.09,36,15,-21,2640.06,2902.46,262.41,9.94,9730,22363,12633,129.84,9400,21219,330,1144,96.61,94.88,-1.72,3.39,5.12,1.72,9.59,20.68,9.78,20.94,1.92,1.25,5343955,Washington,POINT (-122.17691999985794 48.059679999732396)
Port Orchard,7693,11144,3451,44.86,82,71,-11,1912.08,1539.34,-372.7,-19.49,3178,4630,1452,45.69,2901,4278,277,352,91.28,92.4,1.11,8.72,7.6,-1.11,4.02,7.24,4.91,8.52,17.99,14.98,5355785,Washington,POINT (-122.63847000009031 47.54103000043432)
North Bend,4746,5731,985,20.75,104,112,8,1611.56,1343.19,-268.4,-16.65,1889,2348,459,24.3,1841,2210,48,138,97.46,94.12,-3.34,2.54,5.88,3.34,2.94,4.27,2.94,4.3,0,0.85,5349485,Washington,POINT (-121.78266999962062 47.49327000041035)
Ellensburg,15414,18174,2760,17.91,47,53,6,2338.9,2625.05,286.15,12.23,6732,7867,1135,16.86,6249,7301,483,566,92.83,92.81,-0.02,7.17,7.19,0.02,6.59,6.92,6.64,6.97,0.69,0.72,5321240,Washington,POINT (-120.54872000032759 46.997030000334405)
Reardan,608,571,-37,-6.09,222,227,5,1285.23,1167.68,-117.5,-9.15,242,255,13,5.37,227,240,15,15,93.8,94.12,0.32,6.2,5.88,-0.32,0.47,0.49,0.48,0.49,1.15,1.1,5357465,Washington,POINT (-117.87715000017221 47.66950999968691)
Aberdeen,16461,16896,435,2.64,46,60,14,1548.82,1586.03,37.21,2.4,7536,7338,-198,-2.63,6517,6476,1019,862,86.48,88.25,1.77,13.52,11.75,-1.77,10.63,10.65,12.18,12.36,12.73,13.8,5300100,Washington,POINT (-123.8159800001767 46.975859999839315)
Albion,616,800,-37,-6.01,221,226,5,1663.43,1629.81,-33.62,-2.02,315,302,-13,-4.13,274,271,41,31,86.98,89.74,2.75,13.02,10.26,-2.75,0.37,0.36,0.37,0.36,0,0,5301010,Washington,POINT (-117.25134000004084 46.78984999967793)
